X_UTME,Y_UTMN,Z_TVDSS,POLY_ID
460442.178467,5933082.582123,1696.099487,0
460443.01123,5933134.45459,1695.254517,0
460458.031494,5933198.932831,1693.539917,0
460480.887451,5933349.131836,1690.122192,0
460478.841919,5933429.378601,1684.303589,0
460495.364258,5933531.695862,1676.969238,0
460507.251831,5933683.163269,1666.056152,0
460510.55896,5933725.300781,1663.020142,0
460515.361816,5933758.78186,1661.416748,0
460541.261963,5933961.682129,1651.647583,0
460540.847412,5934108.297607,1644.277222,0
460536.260132,5934306.251709,1634.260742,0
460536.082153,5934310.385132,1634.018799,0
460536.331909,5934463.187378,1624.987061,0
460535.780396,5934483.541382,1623.791626,0
460544.232056,5934523.426147,1625.732422,0
460559.978638,5934597.734375,1629.348145,0
460568.633423,5934632.104126,1631.636841,0
460568.651611,5934632.062744,1631.646973,0
460573.130005,5934649.839966,1632.831787,0
460578.503174,5934690.286621,1635.427124,0
460607.067444,5934905.310547,1649.224609,0
460639.592712,5935092.912842,1661.420898,0
460646.246643,5935196.157959,1667.898804,0
460647.832397,5935268.600342,1670.894287,0
460647.670715,5935392.572754,1675.991699,0
460638.834717,5935560.812744,1682.82312,0
460619.547119,5935719.237549,1689.14624,0
460608.266907,5935815.842285,1693.006958,0
460598.449341,5935894.168701,1695.80542,0
460589.030518,5935969.315674,1698.490479,0
460588.416748,5935974.211914,1698.665405,0
460585.01709,5935999.029541,1699.548218,0
460564.809326,5936112.226318,1701.266846,0
460551.286133,5936212.247314,1702.793335,0
460542.008057,5936377.000732,1705.331909,0
460539.119751,5936424.499023,1706.063354,0
460538.217896,5936439.327637,1706.291748,0
460534.96228,5936481.356201,1706.937622,0
460508.274414,5936468.388184,1692.961792,0
460508.396851,5936439.740234,1691.478638,0
460507.949219,5936400.763916,1689.477051,0
460504.720215,5936198.425049,1679.109619,0
460508.703247,5936128.556641,1675.395508,0
460518.02417,5936034.336182,1670.282593,0
460512.308105,5935932.96582,1657.050415,0
460503.299194,5935798.381104,1639.46167,0
460498.230835,5935715.602539,1628.650513,0
460503.529297,5935514.908447,1611.155884,0
460500.442749,5935449.110596,1605.168091,0
460482.997803,5935283.251709,1589.569458,0
460492.343018,5935192.149414,1590.410034,0
460497.240723,5935129.928955,1590.983887,0
460490.307373,5934811.622803,1593.916504,0
460490.748657,5934791.962891,1594.097778,0
460493.068115,5934688.609375,1595.050537,0
460482.934326,5934566.702515,1596.172852,0
460477.672607,5934522.642578,1596.578247,0
460476.802979,5934515.025024,1596.665527,0
460476.769531,5934502.117432,1597.423096,0
460472.156494,5934220.77063,1612.293335,0
460475.74353,5934094.689087,1618.937866,0
460476.583008,5934002.248413,1623.815674,0
460448.760986,5933758.289917,1636.79126,0
460449.112915,5933742.553284,1638.423462,0
460450.351196,5933585.602295,1654.773071,0
460438.546143,5933389.213501,1675.644409,0
460447.414062,5933318.570435,1682.745728,0
460444.036255,5933203.690399,1689.30957,0
460436.794067,5933131.683167,1693.814209,0
460442.178467,5933082.582123,1696.099487,0
460441.245728,5933024.488556,1697.045776,0
460443.025879,5932989.64325,1697.502319,0
460441.089844,5932957.056641,1697.169067,0
460454.848145,5932955.590698,1700.077148,0
460457.045654,5932982.159424,1700.479614,0
460447.427612,5933034.715393,1698.327271,0
460442.178467,5933082.582123,1696.099487,0
459777.658203,5934652.54126,1625.876343,1
459821.312744,5934573.545654,1624.640991,1
459868.342407,5934485.339111,1623.336792,1
459897.159302,5934430.419922,1622.545044,1
459977.941284,5934266.821533,1620.408081,1
459992.051636,5934262.669067,1627.882324,1
459993.154785,5934263.541138,1628.734375,1
459952.75061,5934362.276245,1635.24585,1
459908.619629,5934470.118774,1642.35791,1
459907.116089,5934473.785522,1642.599976,1
459898.896973,5934492.001587,1643.855957,1
459856.265381,5934588.10022,1650.429688,1
459846.959961,5934608.255127,1651.834351,1
459801.534424,5934706.644897,1658.69165,1
459785.337524,5934739.081787,1661.039551,1
459776.099487,5934762.679932,1662.565918,1
459713.652466,5934922.197266,1672.884033,1
459692.187256,5934981.141113,1677.498047,1
459675.317993,5935019.994141,1679.185181,1
459665.341187,5935047.056152,1680.297241,1
459617.748779,5935251.089844,1687.699707,1
459610.912476,5935290.916504,1689.057373,1
459589.410156,5935631.764648,1699.362183,1
459585.530762,5935703.953369,1701.52063,1
459584.6073,5935759.415283,1703.105835,1
459583.737793,5935800.068604,1704.181274,1
459581.071167,5935924.722656,1707.478638,1
459580.861938,5935934.513672,1707.737671,1
459575.722046,5936023.390137,1710.207764,1
459574.601929,5936039.609131,1710.576172,1
459556.430176,5936188.187988,1714.206055,1
459552.484619,5936213.119873,1714.843872,1
459546.121826,5936253.324951,1715.872559,1
459514.294922,5936411.971191,1720.147827,1
459512.122314,5936423.76416,1720.459351,1
459497.386475,5936420.032715,1713.751221,1
459497.456299,5936419.315674,1713.705444,1
459517.781006,5936241.865723,1702.322876,1
459521.229004,5936194.089111,1699.292114,1
459527.498535,5936012.060547,1687.860474,1
459526.921143,5935979.793701,1685.862427,1
459522.440674,5935938.193848,1681.602417,1
459505.035645,5935816.446777,1669.385254,1
459503.62085,5935802.205078,1667.9198,1
459516.609863,5935531.116211,1659.061035,1
459523.00293,5935417.213867,1655.244385,1
459526.376221,5935336.261475,1651.981079,1
459546.139648,5935200.216064,1645.537598,1
459569.24353,5935085.997314,1639.68457,1
459604.3302,5934980.291992,1633.335205,1
459606.543213,5934974.615234,1633.16394,1
459629.387451,5934923.836426,1631.355957,1
459682.683472,5934813.639404,1629.28479,1
459721.120117,5934747.415405,1627.539917,1
459777.658203,5934652.54126,1625.876343,1
462242.888733,5935463.453613,1688.864624,2
462204.861206,5935555.516602,1694.251465,2
462195.03125,5935592.448975,1696.383423,2
462162.477966,5935708.270996,1703.078857,2
462116.769012,5935915.199219,1714.974121,2
462113.769135,5935934.556641,1716.080078,2
462107.839355,5935958.410645,1717.454834,2
462105.874207,5935969.09375,1718.469604,2
462099.809967,5936004.938477,1721.883545,2
462083.567017,5936089.381348,1728.85083,2
462070.581482,5936156.890137,1734.420898,2
462048.067413,5936227.157959,1739.973755,2
461995.331238,5936387.580566,1752.614624,2
461993.953583,5936391.771484,1752.944824,2
461980.535522,5936425.552002,1755.543701,2
461967.952148,5936451.54834,1757.482178,2
461961.326172,5936465.181152,1758.498047,2
461875.874542,5936640.996338,1771.598999,2
461869.254684,5936652.008545,1772.385132,2
461861.067047,5936662.766113,1773.105957,2
461750.163376,5936820.921387,1782.774536,2
461733.726791,5936840.722656,1783.866821,2
461702.676498,5936881.473633,1787.669312,2
461606.107053,5936984.192383,1796.750488,2
461605.011081,5936985.416016,1796.887817,2
461526.704788,5937068.6875,1806.049805,2
461447.017227,5937145.556152,1814.153687,2
461447.909698,5937152.146484,1818.793823,2
461448.344406,5937155.359375,1821.055786,2
461449.928116,5937170.266602,1831.330688,2
461450.901169,5937179.425781,1837.643311,2
461451.051315,5937180.838379,1838.616821,2
461404.608078,5937223.690918,1842.103149,2
461307.653534,5937303.269043,1843.107544,2
461223.751038,5937378.477051,1844.700684,2
461151.305878,5937437.304199,1845.378784,2
461150.43692,5937438.264648,1845.416016,2
461105.35965,5937474.527344,1839.02002,2
461096.549316,5937481.615234,1837.769897,2
461078.396423,5937496.274902,1835.195679,2
461062.865417,5937508.840332,1832.993652,2
461000.736816,5937559.139648,1824.186279,2
460948.621521,5937606.001953,1816.913696,2
460919.97229,5937631.763184,1812.915649,2
460925.594116,5937602.538086,1799.5354,2
460932.643005,5937565.894043,1782.758545,2
460973.017151,5937524.427734,1785.367554,2
461010.236084,5937489.981445,1788.010376,2
461077.364929,5937428.23877,1792.801392,2
461107.449158,5937400.583496,1794.949341,2
461126.412994,5937378.543945,1793.475342,2
461171.931213,5937339.58252,1791.729126,2
461301.258453,5937217.347656,1785.28479,2
461429.498901,5937106.144531,1780.180542,2
461428.371552,5937105.262207,1779.044434,2
461420.597702,5937099.17627,1771.209473,2
461403.858597,5937086.071777,1754.338257,2
461402.622528,5937085.104492,1753.092651,2
461398.971207,5937081.983887,1749.246094,2
461393.5625,5937079.020508,1744.601685,2
461366.398468,5937064.432617,1721.463623,2
461393.72113,5937041.111328,1720.612061,2
461546.07621,5936900.26709,1715.438843,2
461606.07671,5936842.413086,1713.307861,2
461663.032394,5936776.349121,1710.847168,2
461691.17617,5936745.775635,1710.707886,2
461734.863472,5936690.540771,1710.323853,2
461779.748688,5936631.891602,1709.888428,2
461811.970184,5936581.836182,1709.404175,2
461903.504608,5936425.682129,1707.727661,2
461919.018402,5936390.469238,1707.254883,2
462007.507782,5936181.621094,1704.385376,2
462007.667847,5936181.041992,1704.375854,2
462043.379181,5936069.880615,1702.638062,2
462072.597626,5935978.835449,1701.197144,2
462073.031433,5935977.187744,1701.116211,2
462078.502441,5935955.455078,1699.90332,2
462081.757874,5935942.402344,1699.157104,2
462095.285095,5935854.24585,1694.044678,2
462132.448425,5935686.123291,1684.393433,2
462159.087463,5935591.998535,1679.040527,2
462175.221741,5935531.719482,1675.604492,2
462207.035278,5935455.887939,1671.381714,2
462220.31781,5935425.956299,1669.721191,2
462234.038208,5935403.969727,1668.535767,2
462257.797424,5935367.001465,1666.548584,2
462289.858948,5935315.577148,1663.363647,2
462388.653503,5935194.345703,1655.473022,2
462400.316528,5935180.061035,1654.542847,2
462435.389404,5935145.15625,1652.161743,2
462440.583557,5935140.178711,1651.819092,2
462507.509583,5935075.745117,1647.264771,2
462546.90564,5935041.36499,1644.77063,2
462656.890747,5934941.27832,1637.591675,2
462729.40979,5934873.60083,1632.769409,2
462781.886597,5934826.021484,1629.353271,2
462817.966187,5934793.28418,1626.991577,2
462909.347778,5934705.094604,1620.727661,2
462971.750977,5934629.331543,1615.618652,2
463051.269531,5934543.300293,1609.670776,2
463061.128418,5934528.607666,1608.717896,2
463119.172241,5934456.699829,1609.761108,2
463159.845337,5934409.684448,1610.51416,2
463225.204834,5934329.500854,1611.69397,2
463273.932861,5934258.140015,1612.497681,2
463319.03125,5934192.283936,1613.321899,2
463489.511963,5933953.662842,1616.515137,2
463549.407959,5933873.505981,1617.664795,2
463585.195923,5933825.953247,1618.354248,2
463713.797363,5933653.634644,1620.10022,2
463804.405029,5933543.736694,1621.446045,2
463863.305908,5933470.754639,1622.305298,2
463889.500977,5933436.59259,1621.75061,2
463921.730957,5933404.872131,1621.651245,2
463994.733887,5933333.247314,1621.438843,2
464030.18335,5933307.073242,1621.822266,2
464092.646973,5933261.077209,1622.505005,2
464152.779053,5933218.721741,1623.270996,2
464179.409668,5933203.921936,1623.834106,2
464232.912109,5933174.409241,1625.179443,2
464278.473877,5933148.410553,1626.27832,2
464300.213135,5933136.121979,1626.914917,2
464319.428955,5933127.633942,1627.610352,2
464398.031738,5933095.769714,1630.614502,2
464549.994141,5933035.287445,1636.485107,2
464661.577881,5932995.220978,1641.038696,2
464743.911865,5932961.76062,1644.180786,2
464845.726074,5932919.472214,1648.015381,2
464850.36792,5932923.870224,1655.894165,2
464847.471924,5932925.188873,1655.925659,2
464794.171631,5932949.59877,1656.684692,2
464717.305908,5932984.800873,1657.779419,2
464659.229736,5933010.923889,1658.576172,2
464595.070557,5933036.746338,1659.262695,2
464409.292969,5933119.61557,1661.767212,2
464345.08667,5933148.742432,1662.66394,2
464297.52124,5933175.901581,1663.68457,2
464263.000977,5933197.348053,1664.536011,2
464261.169922,5933198.562775,1664.65564,2
464246.888672,5933208.039001,1665.589111,2
464209.609863,5933232.047943,1667.990356,2
464206.42749,5933233.911194,1668.014648,2
464116.151611,5933299.918213,1668.876587,2
464055.137939,5933346.3974,1669.483521,2
464031.29541,5933369.036316,1669.779297,2
464010.210449,5933390.074707,1670.054199,2
463954.861816,5933446.530029,1671.575073,2
463952.866211,5933448.56543,1671.629883,2
463894.289062,5933525.571106,1673.984009,2
463823.405029,5933620.612305,1676.912964,2
463787.705811,5933667.464172,1678.34436,2
463716.197998,5933771.734131,1681.661133,2
463646.033447,5933880.47937,1685.193237,2
463561.598022,5933992.438232,1680.906982,2
463449.645874,5934141.192383,1675.224365,2
463286.335571,5934367.267456,1666.953003,2
463215.123169,5934449.731201,1663.314087,2
463215.056885,5934449.809204,1663.311401,2
463192.019775,5934480.779907,1662.344482,2
463160.665283,5934516.161011,1661.045898,2
463111.396851,5934574.647217,1658.998169,2
463094.096924,5934597.850586,1659.494751,2
463051.85376,5934639.001953,1660.261963,2
462980.471069,5934716.656128,1661.791504,2
462975.782715,5934721.75708,1661.891968,2
462950.186157,5934749.834106,1662.551392,2
462830.848877,5934853.526611,1664.645752,2
462815.568115,5934866.803955,1664.91394,2
462789.212769,5934888.232422,1665.323486,2
462709.193726,5934955.17749,1666.634766,2
462680.570557,5934980.288574,1667.145752,2
462563.136475,5935077.739014,1669.041504,2
462533.919189,5935104.933594,1669.619385,2
462491.534241,5935142.02832,1670.372803,2
462466.157654,5935164.237549,1670.823853,2
462425.097717,5935204.360596,1673.30249,2
462367.548096,5935273.876465,1677.52417,2
462316.560608,5935335.586914,1681.27124,2
462269.843506,5935409.883057,1685.704224,2
462255.464172,5935434.946045,1687.192261,2
462242.888733,5935463.453613,1688.864624,2
461615.997171,5934300.602905,1630.864502,3
461659.773735,5934204.210327,1626.082275,3
461706.163872,5934106.837402,1621.217529,3
461731.976295,5934056.64978,1618.680298,3
461779.868164,5933974.941284,1614.457764,3
461787.911911,5933961.218384,1613.748535,3
461833.778519,5933898.140991,1610.349365,3
461906.387054,5933802.442383,1605.145142,3
461945.645355,5933764.061035,1602.899048,3
462006.434753,5933700.530334,1599.246948,3
462012.125122,5933695.425659,1598.940918,3
462081.470734,5933633.319946,1595.43335,3
462094.573303,5933621.656128,1594.92334,3
462110.812866,5933609.654968,1594.358643,3
462139.302612,5933588.507324,1593.027344,3
462154.933594,5933578.160095,1592.325562,3
462172.471802,5933566.550537,1591.538208,3
462234.902649,5933518.054077,1588.571899,3
462265.284668,5933498.665527,1587.224365,3
462328.699341,5933456.98761,1584.384033,3
462375.234863,5933426.041199,1582.291504,3
462432.309143,5933391.886963,1579.81189,3
462484.935913,5933360.635742,1577.530762,3
462515.195312,5933341.855469,1576.200806,3
462583.647034,5933301.454041,1573.239502,3
462612.349487,5933283.461792,1571.973755,3
462661.510864,5933253.573608,1569.827148,3
462729.533691,5933210.897125,1566.826782,3
462732.577271,5933208.899475,1566.690552,3
462735.067627,5933207.304382,1566.579956,3
462831.888184,5933143.116913,1562.230835,3
462832.806641,5933142.494781,1562.189331,3
462848.149292,5933132.017792,1562.138916,3
462865.577637,5933119.639038,1562.083374,3
462962.196533,5933050.289276,1561.777954,3
462965.921875,5933047.605133,1561.841553,3
462982.920776,5933034.763062,1562.129517,3
462998.553833,5933022.837006,1562.393799,3
463064.634888,5932971.747223,1563.508057,3
463085.980103,5932954.313828,1563.863892,3
463139.098022,5932911.988968,1564.75415,3
463177.831177,5932879.789322,1565.397583,3
463234.040039,5932832.711975,1566.329834,3
463240.012817,5932827.489265,1566.427979,3
463245.118652,5932823.221657,1566.512695,3
463307.049927,5932771.630962,1567.541016,3
463330.974487,5932752.383522,1567.941284,3
463375.381592,5932717.009699,1568.685547,3
463393.981323,5932701.971186,1568.996338,3
463438.815796,5932668.223331,1569.756226,3
463456.361694,5932655.619698,1570.056152,3
463469.010498,5932646.466843,1570.272095,3
463531.088013,5932603.630287,1571.340942,3
463531.699585,5932603.208542,1571.365479,3
463571.684204,5932576.668457,1572.963379,3
463669.275879,5932517.45311,1576.807251,3
463727.307861,5932487.516724,1579.039917,3
463781.522705,5932464.133453,1581.079468,3
463815.949463,5932450.172089,1582.365723,3
463826.787109,5932445.776642,1582.770508,3
463879.164551,5932424.474304,1584.028809,3
463958.778809,5932396.267151,1585.879883,3
464072.941162,5932363.597565,1588.419922,3
464132.957764,5932346.948181,1589.747437,3
464195.019043,5932331.59021,1591.092896,3
464329.095703,5932302.855621,1593.934326,3
464388.073242,5932291.006897,1595.172485,3
464457.736816,5932278.900879,1596.607178,3
464463.492676,5932277.90802,1596.876831,3
464558.473633,5932261.050049,1601.34375,3
464657.743164,5932243.642853,1609.90271,3
464704.92334,5932235.369873,1613.970581,3
464742.407227,5932230.219666,1617.165894,3
464831.38916,5932218.164764,1626.279419,3
464897.168457,5932206.595337,1632.976318,3
465035.181152,5932174.200928,1646.903687,3
465093.696045,5932160.815125,1652.813965,3
465197.365967,5932128.030151,1663.147461,3
465251.400635,5932111.532532,1668.542358,3
465257.005127,5932109.793274,1668.881592,3
465373.659668,5932060.892029,1675.947144,3
465444.046631,5932032.277832,1680.209961,3
465461.471191,5932024.860168,1681.265381,3
465560.11499,5931982.943176,1687.734375,3
465572.701416,5931978.972534,1697.361938,3
465462.900879,5932026.077026,1693.015869,3
465446.428955,5932033.139282,1692.337158,3
465366.259766,5932065.969788,1689.049561,3
465259.580566,5932110.991516,1684.661743,3
465250.604492,5932113.800476,1684.302124,3
465190.365723,5932132.414124,1680.018921,3
465173.722656,5932137.735901,1678.83606,3
465096.531738,5932162.4198,1673.349609,3
465026.075928,5932178.770264,1668.326538,3
464902.512451,5932208.17157,1659.519287,3
464820.881348,5932222.769043,1653.688843,3
464734.137451,5932234.82016,1647.484619,3
464657.521484,5932245.404785,1641.4729,3
464557.894043,5932262.920715,1633.727051,3
464494.626465,5932274.270264,1632.954834,3
464489.334473,5932275.192078,1632.890381,3
464488.876709,5932275.275269,1632.953735,3
464459.373535,5932280.41629,1632.625977,3
464454.010986,5932281.356201,1632.67749,3
464391.690186,5932292.280518,1633.275391,3
464308.027588,5932309.225128,1634.11499,3
464222.856445,5932327.600586,1634.987793,3
464185.755859,5932336.862427,1635.388184,3
464133.639404,5932349.504669,1630.452881,3
464117.850098,5932353.791077,1628.71106,3
464108.145508,5932356.449554,1628.001709,3
464049.779053,5932372.676727,1627.239624,3
463979.418213,5932392.851929,1626.319092,3
463871.045654,5932431.353607,1624.879517,3
463825.530518,5932449.907166,1624.268066,3
463807.580566,5932457.195831,1623.703613,3
463733.982666,5932488.986511,1621.39563,3
463654.694092,5932529.957031,1618.931519,3
463598.969238,5932563.809891,1617.216675,3
463532.02002,5932604.481628,1615.156494,3
463530.081299,5932605.661537,1615.12085,3
463522.212402,5932610.649788,1614.978149,3
463456.149658,5932658.452713,1613.848145,3
463396.89978,5932701.012878,1612.831055,3
463376.686279,5932715.991698,1612.489502,3
463357.184082,5932731.59901,1612.172974,3
463322.414185,5932759.424568,1611.608887,3
463292.734619,5932783.025105,1611.125488,3
463242.364746,5932825.246117,1610.330078,3
463157.337769,5932893.574509,1608.953735,3
463150.678467,5932899.151779,1608.848511,3
463147.124878,5932902.105881,1608.792114,3
463138.227295,5932909.194992,1608.647339,3
463058.977295,5932972.349396,1607.358398,3
463003.129761,5933015.438721,1606.43396,3
462964.037598,5933044.227661,1605.770996,3
462961.807007,5933045.866302,1605.774658,3
462865.197998,5933115.271942,1605.925415,3
462829.332397,5933139.325104,1605.974243,3
462818.944946,5933146.233398,1606.460693,3
462741.301392,5933197.790497,1610.09436,3
462656.545532,5933249.729797,1613.91748,3
462650.456299,5933253.665466,1614.198853,3
462628.064636,5933267.478333,1615.211914,3
462606.48645,5933281.000549,1616.195068,3
462557.579773,5933311.648071,1618.423462,3
462542.960205,5933320.275085,1619.071899,3
462431.518372,5933389.426453,1624.127197,3
462430.349976,5933390.1203,1624.179077,3
462429.086609,5933390.876282,1624.235474,3
462323.747925,5933460.92981,1629.168701,3
462317.202637,5933465.23175,1629.473633,3
462251.299805,5933512.850098,1632.685181,3
462166.937317,5933578.217651,1636.942017,3
462146.899109,5933594.361206,1637.973511,3
462138.088501,5933603.12793,1638.482178,3
462127.074829,5933613.219299,1639.089233,3
462103.204163,5933634.704834,1640.392456,3
462093.014771,5933643.852478,1640.890381,3
462068.559174,5933665.299744,1640.858521,3
462027.582611,5933701.458862,1641.344238,3
462025.719116,5933703.422119,1641.380859,3
461966.092865,5933764.296875,1642.462524,3
461942.171082,5933788.767212,1642.89856,3
461941.179504,5933789.713867,1642.913574,3
461937.079773,5933794.976929,1643.036865,3
461841.558517,5933917.605225,1645.90918,3
461817.80574,5933949.449707,1646.684692,3
461742.20356,5934075.017456,1650.251953,3
461740.711449,5934077.847168,1650.338379,3
461678.569698,5934204.959351,1654.355347,3
461621.938533,5934326.508301,1658.275146,3
461602.725228,5934372.809448,1659.834717,3
461567.063065,5934457.510742,1661.869995,3
461535.59623,5934532.247314,1663.665894,3
461476.758682,5934665.300659,1666.765869,3
461434.966431,5934775.233398,1669.562134,3
461429.890167,5934788.63916,1669.936768,3
461415.508835,5934828.634033,1671.082031,3
461374.836777,5934963.676758,1675.233521,3
461363.117569,5935006.601318,1676.596802,3
461337.407471,5935136.208252,1681.062134,3
461325.186523,5935200.404053,1683.29248,3
461316.044373,5935287.510986,1686.58728,3
461315.432861,5935293.591797,1686.856812,3
461310.260956,5935383.370117,1690.955566,3
461305.800934,5935424.452393,1692.766602,3
461304.359009,5935506.927002,1696.633789,3
461306.223907,5935598.86084,1701.05127,3
461305.660706,5935615.741699,1701.834595,3
461303.521667,5935654.399414,1702.549561,3
461306.987274,5935761.873779,1704.686401,3
461310.290344,5935845.680176,1706.362305,3
461312.184204,5935880.764404,1707.071899,3
461316.221069,5935934.570312,1708.178223,3
461321.036072,5936024.131836,1709.98938,3
461332.829865,5936170.246094,1713.006714,3
461335.144989,5936196.910156,1713.741821,3
461338.496307,5936232.163818,1714.723511,3
461340.255341,5936246.891846,1715.14563,3
461350.12735,5936354.298828,1718.125122,3
461350.741974,5936361.243164,1718.317017,3
461362.694504,5936448.906494,1724.873779,3
461363.200912,5936452.748291,1725.160156,3
461370.73468,5936510.183105,1729.439331,3
461371.012955,5936512.15625,1729.605591,3
461383.898773,5936602.237793,1737.199341,3
461384.877014,5936608.70874,1737.747192,3
461385.91246,5936615.591553,1738.329834,3
461398.375275,5936709.286377,1746.184692,3
461404.89505,5936758.0354,1750.273071,3
461405.510803,5936765.767822,1750.902222,3
461405.876953,5936770.368164,1751.276489,3
461416.020706,5936873.214355,1759.734741,3
461418.559525,5936914.485352,1763.057861,3
461422.602509,5936982.528809,1768.530273,3
461425.110565,5937015.495117,1771.207031,3
461426.802979,5937073.492188,1775.790161,3
461426.91748,5937074.8125,1775.968018,3
461427.142441,5937077.541504,1776.334961,3
461429.498901,5937106.144531,1780.180542,3
461428.371552,5937105.262207,1779.044434,3
461420.597702,5937099.17627,1771.209473,3
461403.858597,5937086.071777,1754.338257,3
461402.622528,5937085.104492,1753.092651,3
461398.971207,5937081.983887,1749.246094,3
461393.5625,5937079.020508,1744.601685,3
461366.398468,5937064.432617,1721.463623,3
461363.681396,5936954.800781,1717.151001,3
461362.047211,5936868.499512,1713.757202,3
461357.168213,5936715.9021,1707.751709,3
461348.024109,5936609.345459,1703.544556,3
461345.688873,5936564.630371,1701.782715,3
461338.100647,5936485.290527,1698.648315,3
461337.591461,5936480.003174,1698.439453,3
461334.194611,5936437.301514,1697.455566,3
461328.789032,5936372.915527,1695.966797,3
461317.118774,5936259.133301,1691.247192,3
461315.021057,5936228.814209,1690.017578,3
461312.937805,5936190.606201,1689.048218,3
461297.460785,5936007.493896,1684.477661,3
461290.015961,5935879.901367,1681.247314,3
461289.765167,5935860.118652,1680.734009,3
461284.861511,5935748.429199,1677.884277,3
461281.738617,5935663.865234,1675.718628,3
461283.511322,5935627.549072,1674.745972,3
461285.855743,5935569.147949,1672.539551,3
461284.960999,5935497.526367,1669.862549,3
461286.548065,5935432.337158,1667.407593,3
461294.871155,5935358.47168,1664.576172,3
461299.328827,5935287.423828,1661.879883,3
461300.777161,5935273.583008,1661.35022,3
461307.439423,5935212.882568,1659.484375,3
461324.166077,5935126.140869,1656.808228,3
461345.166077,5935021.488525,1653.578613,3
461364.478836,5934950.870117,1651.392456,3
461397.605316,5934840.825928,1647.981689,3
461417.821152,5934784.385986,1646.228027,3
461426.322952,5934760.723755,1645.538696,3
461464.444901,5934659.85022,1642.595093,3
461511.739349,5934551.997559,1639.430786,3
461591.043545,5934362.151855,1633.871094,3
461615.997171,5934300.602905,1630.864502,3
464726.762451,5930919.05896,1720.77356,4
464945.402832,5930765.406372,1728.77063,4
465065.609863,5930675.531738,1733.315918,4
465161.973389,5930603.17334,1737.385254,4
465166.318848,5930600.030762,1737.403809,4
465274.870117,5930516.113037,1737.885864,4
465283.484863,5930508.358154,1737.927856,4
465402.799316,5930398.2146,1741.952637,4
465412.523682,5930389.006348,1742.291138,4
465440.681641,5930359.798828,1743.387329,4
465503.309814,5930294.836426,1745.825317,4
465550.101074,5930246.38208,1747.643188,4
465561.17627,5930234.458496,1748.094238,4
465614.585938,5930175.1521,1750.351196,4
465668.545654,5930115.235107,1752.631348,4
465693.695312,5930089.941162,1750.800293,4
465778.685547,5930008.989502,1744.656738,4
465778.582031,5930009.816406,1743.825684,4
465775.657227,5930033.229492,1720.298706,4
465716.378906,5930094.325439,1719.250244,4
465683.564209,5930130.038086,1718.660034,4
465633.802734,5930188.407227,1713.134644,4
465535.991211,5930299.388428,1702.454224,4
465442.947998,5930401.213379,1692.474731,4
465394.295654,5930449.189941,1687.509766,4
465350.150391,5930492.328613,1683.023682,4
465307.077393,5930533.280762,1680.076538,4
465189.642822,5930629.484131,1672.090088,4
465161.094727,5930653.077881,1669.86377,4
465042.557373,5930745.141724,1660.671021,4
465039.318115,5930747.55603,1660.559082,4
464744.556152,5930954.062866,1650.731323,4
464664.883057,5931008.324463,1648.117676,4
464483.414795,5931122.103149,1642.434937,4
464410.903809,5931166.772461,1641.463013,4
464333.805176,5931211.707275,1640.470703,4
464179.009521,5931291.756958,1638.641479,4
464106.912842,5931328.522095,1638.749023,4
464045.243164,5931357.331299,1638.895874,4
463913.977783,5931409.193848,1639.405518,4
463850.521484,5931435.141602,1639.633667,4
463653.708496,5931496.782959,1640.733398,4
463621.061523,5931509.218506,1640.869873,4
463571.135132,5931527.584961,1642.699097,4
463411.440552,5931571.22522,1648.484863,4
463310.026001,5931599.746582,1649.839355,4
463109.811157,5931656.354126,1652.516968,4
462848.456665,5931733.595642,1656.052246,4
462731.636963,5931767.924622,1657.630005,4
462700.539917,5931777.00946,1658.237183,4
462664.124268,5931787.942627,1658.944214,4
462643.961304,5931793.96698,1659.442017,4
462444.111328,5931853.958008,1663.363403,4
462317.902039,5931890.512512,1665.865112,4
462207.507874,5931924.969299,1668.006226,4
462158.699524,5931941.252258,1668.932983,4
462155.967529,5931940.335327,1675.866943,4
462209.662476,5931922.286926,1675.357544,4
462314.199646,5931889.400085,1674.278564,4
462432.091614,5931854.988647,1672.95752,4
462477.277649,5931841.314819,1672.470093,4
462641.415405,5931791.64447,1670.699341,4
462665.189697,5931784.434631,1670.49939,4
462718.220825,5931768.060913,1671.110352,4
462748.391357,5931758.980835,1671.449829,4
462900.49353,5931713.131531,1673.420532,4
463145.46106,5931638.905029,1676.604736,4
463226.700073,5931614.289429,1677.660645,4
463239.559814,5931610.144897,1677.834473,4
463415.09668,5931559.187622,1680.056152,4
463444.326904,5931550.516846,1680.959229,4
463548.207397,5931519.701538,1684.168579,4
463607.035156,5931496.415771,1686.108032,4
463670.59082,5931471.313477,1688.066284,4
463832.023193,5931418.341187,1692.83252,4
463935.507812,5931374.364868,1696.080933,4
463990.411377,5931351.781128,1697.789917,4
464092.263428,5931302.313477,1701.106323,4
464191.910889,5931249.62085,1704.433716,4
464266.682861,5931210.444214,1706.261353,4
464398.647461,5931132.486694,1709.685425,4
464455.814941,5931096.80481,1711.21167,4
464591.648193,5931011.370483,1715.904175,4
464726.762451,5930919.05896,1720.77356,4
463887.463135,5932360.166138,1637.783081,5
463999.547363,5932350.62323,1636.870605,5
464028.820801,5932350.966583,1636.677979,5
464022.396484,5932366.548401,1628.857178,5
464019.637695,5932369.968292,1626.878296,5
463894.453613,5932382.462555,1625.308594,5
463858.974609,5932383.838196,1624.869995,5
463845.490723,5932384.305359,1624.703491,5
463804.21167,5932387.069733,1623.358521,5
463773.009277,5932388.868866,1622.341064,5
463695.759766,5932386.844696,1619.800049,5
463646.764404,5932383.730927,1618.182373,5
463509.654419,5932382.894012,1613.681641,5
463506.755371,5932382.9245,1613.58667,5
463505.694092,5932383.137054,1613.552612,5
463500.498535,5932383.808228,1613.384399,5
463311.917358,5932402.228973,1607.259521,5
463310.801392,5932402.459442,1607.223755,5
463268.804443,5932410.326538,1606.247437,5
463143.592651,5932453.063965,1603.557251,5
463102.121216,5932465.039459,1603.547485,5
463070.17334,5932475.555786,1603.545288,5
463034.610474,5932486.213043,1603.538452,5
462975.194458,5932513.54718,1603.566895,5
462837.651489,5932577.612595,1603.63623,5
462778.659058,5932619.240593,1603.72522,5
462713.831421,5932660.219921,1603.802979,5
462664.741333,5932711.001079,1603.944458,5
462536.737488,5932865.144241,1604.404419,5
462533.641968,5932869.575684,1604.418457,5
462368.148071,5933062.568237,1614.907959,5
462288.918335,5933162.827515,1620.189453,5
462211.472717,5933278.243225,1625.927246,5
462195.530579,5933302.323792,1627.05188,5
462104.167419,5933445.640137,1633.685059,5
462085.793976,5933471.277283,1634.906372,5
462079.143616,5933481.109375,1635.368042,5
462011.737488,5933569.699829,1639.655029,5
461988.417816,5933607.93219,1639.762817,5
461978.753784,5933601.20752,1643.900269,5
462002.12207,5933560.926636,1644.149292,5
462042.623047,5933485.639526,1645.57373,5
462056.328308,5933455.841919,1646.101074,5
462094.058258,5933379.306885,1647.495117,5
462120.444031,5933325.783325,1648.470093,5
462140.611084,5933280.846741,1649.257568,5
462185.176636,5933185.973267,1650.951172,5
462219.79541,5933108.220459,1652.309326,5
462223.373169,5933100.184967,1652.449707,5
462229.920349,5933088.620575,1652.673584,5
462284.221863,5933001.822968,1654.434814,5
462306.007385,5932966.999802,1655.141357,5
462429.901855,5932774.936798,1658.034058,5
462508.129883,5932658.941078,1658.866577,5
462509.444946,5932657.062241,1658.867188,5
462517.504639,5932647.771736,1658.87146,5
462526.170349,5932639.298897,1658.876099,5
462639.765991,5932524.746155,1658.938232,5
462692.650635,5932491.247147,1658.970459,5
462757.543213,5932459.930634,1659.011719,5
462892.130005,5932397.595581,1659.097778,5
463090.206421,5932338.015411,1659.229736,5
463140.371826,5932321.432373,1659.262939,5
463188.310181,5932305.837128,1659.1875,5
463190.492188,5932305.168335,1659.166626,5
463202.848511,5932303.874573,1659.015991,5
463276.314819,5932299.62265,1656.556274,5
463317.802856,5932296.986206,1655.165283,5
463368.856567,5932299.292603,1653.498657,5
463389.635498,5932300.802063,1652.825073,5
463494.859497,5932308.446198,1649.413696,5
463521.136963,5932313.630829,1648.588501,5
463574.999634,5932324.257965,1646.896973,5
463636.588989,5932336.986664,1644.967407,5
463679.227295,5932348.202545,1643.651123,5
463721.686279,5932355.13385,1642.305908,5
463726.770996,5932355.760529,1642.143188,5
463747.621094,5932358.331116,1641.47583,5
463813.453369,5932361.420197,1639.327881,5
463852.016113,5932362.859924,1638.066528,5
463875.192627,5932362.766907,1637.908203,5
463887.463135,5932360.166138,1637.783081,5
461441.696243,5937275.618164,1834.053345,6
461442.270737,5937262.198242,1832.001221,6
461447.017227,5937145.556152,1814.153687,6
461447.909698,5937152.146484,1818.793823,6
461448.344406,5937155.359375,1821.055786,6
461449.928116,5937170.266602,1831.330688,6
461450.901169,5937179.425781,1837.643311,6
461451.051315,5937180.838379,1838.616821,6
461449.411713,5937217.898438,1844.094849,6
461449.119507,5937220.083008,1843.714844,6
461441.696243,5937275.618164,1834.053345,6
